timestamp,accel_x,accel_y,accel_z,gyro_x,gyro_y,gyro_z,mag_x,mag_y,mag_z,pressure
0.000027,0.026108,0.096136,1.024800,-0.011620,0.008350,0.000490,-1.749745,5.984628,12.823436,1005.770264
0.014875,0.027572,0.092476,1.032608,-0.012926,0.009410,-0.000420,-3.149541,10.772330,23.082184,1005.770264
0.033006,0.027084,0.095404,1.028704,-0.009706,0.010454,-0.001914,-4.269377,14.602492,31.289183,1005.770264
0.047979,0.028548,0.095160,1.033828,-0.010444,0.008476,-0.001281,-5.003354,17.621822,37.625736,1005.765625
0.057958,0.026596,0.096624,1.026752,-0.010268,0.008934,-0.000059,-5.590535,20.037285,42.694981,1005.765625
0.072871,0.027572,0.091744,1.035780,-0.009796,0.008484,-0.002460,-6.060280,21.969656,46.750378,1005.765625
0.081760,0.029280,0.094184,1.030412,-0.009030,0.007140,-0.001518,-6.436076,23.515553,49.994694,1005.770508
0.091728,0.026108,0.093940,1.023824,-0.010981,0.008521,-0.003594,-6.736712,24.752270,52.601231,1005.770508
0.109734,0.028304,0.095892,1.025776,-0.009295,0.009579,-0.000531,-6.990173,25.780844,54.686459,1005.770508
0.125090,0.028548,0.092476,1.027728,-0.010039,0.006716,-0.000822,-7.192942,26.603703,56.354641,1005.764404
0.135050,0.028792,0.093208,1.027972,-0.010171,0.008705,-0.000808,-7.355157,27.261990,57.689186,1005.764404
0.149988,0.025864,0.094672,1.026508,-0.008498,0.007658,-0.002597,-7.620919,27.833420,58.339371,1005.764404
0.158797,0.027084,0.092964,1.034072,-0.009557,0.008130,-0.001652,-7.833529,28.290564,58.859520,1005.763672
0.168737,0.027084,0.094672,1.025288,-0.007594,0.007693,-0.000723,-8.003616,28.656279,59.275639,1005.763672
0.183663,0.027328,0.091744,1.029680,-0.008368,0.006963,-0.002213,-8.139687,28.948851,59.608532,1005.763672
0.192468,0.027084,0.094184,1.035292,-0.007326,0.006245,-0.000074,-8.248543,29.110107,60.122364,1005.763672
0.201456,0.029036,0.095404,1.024068,-0.006903,0.007041,-0.000973,-8.108977,29.239113,60.533428,1005.770508
0.211416,0.027572,0.092232,1.033340,-0.007087,0.007223,-0.000957,-7.997325,29.342318,60.862282,1005.770508
0.226354,0.027328,0.094184,1.029924,-0.006968,0.007402,0.000561,-7.908003,29.424881,61.125362,1005.770508
0.235165,0.025376,0.093452,1.025288,-0.007451,0.006377,-0.000650,-7.836546,29.490932,61.335827,1005.770508
0.243976,0.028792,0.092232,1.030412,-0.008828,0.005068,-0.000339,-7.831185,29.582973,61.796047,1005.766846
0.253933,0.027816,0.094428,1.026752,-0.008379,0.006785,-0.001834,-7.826897,29.656607,62.164223,1005.766846
0.268865,0.026108,0.094672,1.029192,-0.004935,0.004569,-0.002104,-7.823466,29.715513,62.458763,1005.766846
0.277692,0.028060,0.093208,1.033584,-0.005753,0.007195,-0.000267,-7.820722,29.762638,62.694397,1005.766846
0.286506,0.027328,0.095892,1.028704,-0.005356,0.005873,0.000338,-7.818526,29.800339,62.716660,1005.773926
0.296444,0.026840,0.093452,1.034560,-0.004966,0.004573,0.000032,-7.797343,29.836100,62.734470,1005.773926
0.311374,0.028060,0.095892,1.031632,-0.006984,0.009601,0.000933,-7.780396,29.864708,62.748718,1005.773926
0.320310,0.026108,0.094672,1.024556,-0.008368,0.005836,0.000016,-7.766839,29.887594,62.760117,1005.777832
0.330266,0.027328,0.092964,1.031632,-0.007327,0.005438,0.001217,-7.755992,29.905903,62.769238,1005.777832
0.345195,0.026840,0.094672,1.027972,-0.006303,0.005947,-0.000005,-7.902733,29.892551,62.399719,1005.777832
0.354393,0.028792,0.092232,1.024800,-0.005596,0.004646,-0.001506,-8.020126,29.881870,62.104103,1005.777832
0.363375,0.028060,0.090768,1.033340,-0.005202,0.004568,-0.002382,-8.114040,29.873325,61.867611,1005.780029
0.373480,0.027572,0.096136,1.025532,-0.006316,0.006293,0.000361,-8.189172,29.866489,61.678417,1005.780029
0.388519,0.028792,0.092476,1.031388,-0.006810,0.006187,-0.000846,-8.061481,29.793819,62.302856,1005.780029
0.397499,0.028548,0.094672,1.032608,-0.006395,0.005482,-0.000532,-7.959328,29.735683,62.802410,1005.780029
0.406333,0.026596,0.095892,1.024068,-0.006888,0.005090,0.000078,-7.877605,29.689175,63.202053,1005.779541
0.422408,0.027816,0.093452,1.033096,-0.004971,0.005605,0.000977,-7.812228,29.651968,63.521767,1005.779541
0.431223,0.027572,0.095648,1.028704,-0.004887,0.004009,0.000961,-7.759925,29.622202,63.777538,1005.779541
0.440067,0.027816,0.093208,1.025288,-0.005105,0.002140,-0.001457,-7.724559,29.771990,63.815914,1005.779541
0.448881,0.028792,0.092720,1.033096,-0.005020,0.004506,-0.000832,-7.696266,29.891819,63.846615,1005.775146
0.464975,0.025376,0.094916,1.024800,-0.003434,0.004731,-0.002020,-7.673632,29.987682,63.871174,1005.775146
0.473782,0.027328,0.092720,1.030656,-0.008781,0.005853,-0.001685,-7.655524,30.064373,63.890820,1005.775146
0.482589,0.028792,0.093452,1.034316,-0.005631,0.004553,-0.003459,-7.641038,30.125727,63.500168,1005.775391
0.499243,0.027084,0.093696,1.026264,-0.003434,0.004777,-0.000998,-7.791343,30.068409,63.187645,1005.775391
0.508058,0.027572,0.093208,1.035292,-0.004277,0.004096,-0.001582,-7.911586,30.022556,62.937630,1005.775391
0.516851,0.026840,0.094184,1.031876,-0.004806,0.004928,0.001447,-8.007780,29.985874,62.737617,1005.775391
0.535040,0.029280,0.092476,1.031632,-0.004725,0.003944,-0.000979,-8.084736,30.085327,62.806652,1005.778320
0.551243,0.026108,0.095648,1.026264,-0.002844,0.005380,-0.002464,-8.243436,30.164890,62.861877,1005.778320
0.569216,0.026840,0.092720,1.028460,-0.004898,0.004689,-0.001522,-8.370397,30.228540,62.906059,1005.776855
0.585291,0.027572,0.093696,1.027240,-0.005417,0.004610,0.000906,-8.342450,29.965860,62.730831,1005.776855
0.603263,0.026840,0.095404,1.024556,-0.003223,0.004232,-0.001512,-8.320093,29.755716,62.590649,1005.776855
0.618175,0.027084,0.092720,1.028948,-0.003770,0.003560,-0.001486,-8.302208,29.587601,62.478504,1005.776611
0.628146,0.027572,0.093208,1.033828,-0.002806,0.004702,-0.002963,-8.287900,29.453108,62.388786,1005.776611
0.643076,0.028060,0.092720,1.026508,-0.003359,0.003722,-0.000511,-8.185793,29.395914,62.220963,1005.776611
0.651883,0.029524,0.092720,1.034316,-0.005405,0.005161,-0.000802,-8.104108,29.350159,62.086704,1005.779053
0.661863,0.028792,0.096380,1.029924,-0.004113,0.005074,-0.002591,-8.038759,29.313555,61.979298,1005.779053
0.679857,0.028548,0.092964,1.034560,-0.004944,0.004088,-0.001946,-7.986480,29.373871,62.115028,1005.779053
0.694805,0.025864,0.094428,1.025532,-0.003360,0.002217,-0.001013,-8.048269,29.422125,62.223614,1005.784180
0.704759,0.027084,0.093208,1.028704,-0.003604,0.004883,0.000506,-8.097700,29.460728,62.310482,1005.784180
0.719699,0.026840,0.095160,1.027240,-0.004444,0.002999,0.000797,-8.137245,29.491610,62.379974,1005.784180
0.728533,0.025376,0.094672,1.025776,-0.006171,0.002048,0.000484,-8.168880,29.516315,62.612896,1005.781494
0.738484,0.028304,0.091988,1.034072,-0.006668,0.001713,0.000776,-8.012869,29.748880,62.799232,1005.781494
0.756456,0.026352,0.095648,1.029924,-0.002952,0.004086,0.000162,-7.888060,29.934933,62.948299,1005.781494
0.771362,0.026108,0.093940,1.031632,-0.002002,0.000714,0.000760,-7.788212,30.083775,63.067554,1005.785400
0.781309,0.026108,0.095648,1.024312,-0.003770,0.002204,0.000447,-7.915557,30.034847,63.029964,1005.785400
0.796243,0.026596,0.091500,1.036512,-0.004908,0.004870,0.000139,-8.017434,29.995707,62.999893,1005.785400
0.805043,0.028548,0.094672,1.029924,-0.006027,0.002986,-0.000764,-8.098935,29.964394,62.975834,1005.785400
0.813846,0.025864,0.092720,1.025776,-0.003823,0.002936,-0.000751,-8.164136,29.939342,62.956589,1005.778320
0.823796,0.026352,0.092232,1.031876,-0.003158,0.003487,-0.000738,-8.216296,29.919302,62.941193,1005.778320
0.841781,0.025376,0.095648,1.030900,-0.003406,0.004029,-0.000125,-8.089656,29.852869,63.010147,1005.778320
0.856702,0.027572,0.093208,1.035048,-0.002147,0.002460,-0.000123,-7.988344,29.799723,63.065311,1005.781006
0.866645,0.028792,0.097112,1.025776,-0.003613,0.004220,-0.000422,-7.907294,29.757206,63.109444,1005.781006
0.881574,0.028792,0.093208,1.032120,-0.001450,0.002648,-0.001916,-7.933114,29.717592,63.085640,1005.781006
0.900249,0.026108,0.094672,1.024800,-0.002627,0.004105,-0.000382,-7.953770,29.685902,63.066597,1005.776611
0.916447,0.027328,0.095648,1.026508,-0.001381,0.002234,-0.002178,-7.970295,29.660549,63.051365,1005.776611
0.932414,0.027816,0.092964,1.026508,-0.003760,0.002497,-0.001240,-8.041797,29.841867,63.512043,1005.772705
0.942557,0.028548,0.091744,1.033828,-0.003397,0.001854,-0.000619,-8.098998,29.986921,63.880589,1005.772705
0.960524,0.026596,0.093452,1.033340,-0.004541,0.002123,-0.001209,-8.144759,30.102964,64.175423,1005.772705
0.975459,0.027816,0.093940,1.032608,-0.001161,0.001787,0.000613,-8.181368,30.022200,64.211800,1005.775635
0.985389,0.026108,0.095404,1.025288,-0.001742,0.002358,-0.000298,-8.372548,29.957588,64.240898,1005.775635
1.003361,0.028304,0.092476,1.027728,-0.000812,0.002919,0.000308,-8.525492,29.905899,64.264183,1005.775635
1.018268,0.026108,0.093452,1.026020,-0.002000,0.002570,-0.000298,-8.647847,29.864548,64.282806,1005.769043
1.028262,0.028792,0.092476,1.032852,-0.002267,0.002526,0.000307,-8.383091,29.803467,64.220131,1005.769043
1.043495,0.026596,0.094916,1.026020,-0.004931,0.003385,-0.001800,-8.171286,29.754601,64.169991,1005.769043
1.052362,0.026596,0.092720,1.030656,-0.003347,0.000625,-0.000268,-8.001842,29.715508,64.129875,1005.768311
1.062304,0.026840,0.093696,1.034072,-0.002089,0.001215,0.001538,-7.866286,29.684235,64.097786,1005.768311
1.077212,0.026596,0.092964,1.026020,-0.000853,0.000895,-0.001791,-7.880881,29.687216,63.854149,1005.768311
1.085981,0.028792,0.091500,1.034804,-0.003842,0.002381,-0.000259,-7.892557,29.689600,63.659241,1005.768311
1.094763,0.027328,0.094184,1.032608,-0.002276,0.002041,0.000646,-7.901897,29.691507,63.503311,1005.766602
1.104681,0.028060,0.092232,1.025776,-0.002838,0.004109,0.000034,-7.909370,29.693033,63.378571,1005.766602
1.122642,0.027572,0.095648,1.025044,-0.004592,0.002238,0.000034,-7.915348,29.750256,63.182728,1005.766602
1.137569,0.028060,0.092232,1.027484,-0.003314,0.001900,0.001535,-7.835946,29.796032,63.026051,1005.769043
1.147501,0.028304,0.092232,1.027972,-0.002057,0.001267,0.000008,-7.772424,29.832653,62.900711,1005.769043
1.162411,0.027328,0.093940,1.026264,-0.002923,0.001847,0.001209,-7.721607,29.861950,62.800438,1005.769043
1.171196,0.027816,0.092232,1.034804,-0.003174,0.003617,0.000287,-7.680953,30.137388,62.627861,1005.769043
1.179981,0.028548,0.095160,1.030900,-0.001319,0.003857,-0.000618,-7.654906,30.357738,62.489799,1005.769043
1.189907,0.025864,0.094672,1.025044,0.000805,0.002291,0.000894,-7.634068,30.534019,62.379353,1005.769043
1.204815,0.028060,0.094184,1.034072,-0.001010,0.002252,0.000578,-7.617398,30.675043,62.290993,1005.769043
1.213598,0.024644,0.095648,1.028460,-0.002194,0.003115,-0.000933,-7.604062,30.787863,62.220306,1005.769043
1.222383,0.027328,0.094428,1.026996,-0.000055,0.002462,-0.000317,-7.671101,30.710117,62.459297,1005.769287
1.232314,0.027328,0.092720,1.034316,-0.001256,0.002120,0.000890,-7.724733,30.647923,62.650490,1005.769287
1.250277,0.026108,0.093696,1.035048,-0.001535,0.002385,0.000575,-7.767638,30.598166,62.803444,1005.769287
1.265148,0.027816,0.096136,1.032120,-0.002110,0.000543,-0.000636,-7.801962,30.558361,62.375362,1005.768311
1.275067,0.026108,0.095892,1.026264,-0.001774,0.002936,-0.000325,-7.881227,30.515316,62.032898,1005.768311
1.289965,0.027084,0.092964,1.034560,-0.001144,0.001386,0.000281,-7.944640,30.480881,61.758926,1005.768311
1.298749,0.026596,0.095648,1.029192,-0.001425,0.000461,-0.000625,-7.995369,30.453333,61.539749,1005.767578
1.308673,0.026840,0.092720,1.028216,-0.002001,0.002556,-0.001515,-8.035954,30.431293,61.364407,1005.767578
1.326682,0.027816,0.095892,1.024556,-0.002568,0.003113,0.000012,-8.074896,30.441662,61.700695,1005.767578
1.341607,0.026352,0.093208,1.028704,-0.000423,0.002460,0.000012,-8.106050,30.449957,61.969723,1005.772705
1.351634,0.028060,0.093696,1.033584,-0.002218,0.001518,0.000011,-8.130973,30.456593,62.184948,1005.772705
1.366528,0.027328,0.092964,1.027240,-0.001880,0.002394,-0.001190,-8.150911,30.254702,62.216747,1005.772705
1.375301,0.028304,0.092232,1.035048,-0.000647,0.002954,0.000331,-8.309328,30.093189,62.242184,1005.772705
1.384089,0.029280,0.095404,1.030168,-0.000636,0.001703,0.001527,-8.436062,29.963980,62.262535,1005.773926
1.394012,0.026596,0.093696,1.026752,-0.002428,0.000473,-0.000300,-8.537449,29.860611,62.278816,1005.773926
1.411973,0.027572,0.094916,1.025044,-0.001486,-0.001637,0.000606,-8.618559,29.777916,62.465469,1005.773926
1.426893,0.027572,0.092964,1.027972,-0.000260,0.001994,-0.000606,-8.586310,29.812561,62.614792,1005.780029
1.436808,0.028304,0.092476,1.033828,-0.000255,0.001961,-0.000896,-8.560512,29.840277,62.734249,1005.780029
1.451728,0.026108,0.092720,1.026996,-0.001752,0.000426,-0.000881,-8.539873,29.862450,62.829815,1005.780029
1.460512,0.028548,0.091988,1.035536,0.000679,0.000119,-0.001166,-8.523362,29.880188,62.906269,1005.773438
1.470462,0.028792,0.095648,1.031632,0.000368,0.003120,-0.001447,-8.458347,29.888779,62.923103,1005.773438
1.488434,0.027816,0.092476,1.032852,-0.001440,-0.000236,-0.001723,-8.406336,29.895651,62.936569,1005.773438
1.503358,0.026596,0.095404,1.025532,-0.000816,0.002471,-0.001394,-8.364726,29.901150,62.947342,1005.769043
1.513287,0.029036,0.093940,1.027240,-0.000201,0.002429,0.000431,-8.331438,30.034348,63.044621,1005.769043
1.531264,0.028792,0.095404,1.024800,-0.000798,0.001488,0.000424,-8.155867,30.140905,63.122444,1005.769043
1.546290,0.027084,0.091500,1.029924,-0.002587,0.000562,0.000417,-8.015409,30.226152,63.184704,1005.771729
1.556377,0.027084,0.094672,1.026264,-0.002243,0.000552,0.000110,-7.903044,30.294350,63.234512,1005.771729
1.571270,0.027816,0.091012,1.028460,-0.001004,0.002044,-0.000793,-8.072180,30.248108,62.982510,1005.771729
1.580037,0.029280,0.092720,1.033340,-0.000086,0.003512,-0.001380,-8.207489,30.211115,62.780910,1005.771729
1.588799,0.026840,0.094672,1.027728,-0.001286,0.000750,-0.002258,-8.315736,30.181520,62.619629,1005.770996
1.598714,0.026596,0.094672,1.034560,-0.001865,-0.000164,-0.000719,-8.402333,30.157845,62.490604,1005.770996
1.613612,0.027816,0.094428,1.033584,-0.001233,-0.000461,-0.000706,-8.290291,30.150105,62.490826,1005.770996
1.622390,0.027328,0.093696,1.025044,-0.002714,-0.000453,-0.000094,-8.200657,30.143911,62.491001,1005.775635
1.632312,0.027816,0.093208,1.028704,-0.001467,0.000155,0.001109,-8.128950,30.138958,62.491142,1005.775635
1.650260,0.027084,0.095892,1.026752,-0.002043,0.001654,0.000790,-8.071585,30.134995,62.491253,1005.775635
1.665165,0.028792,0.090768,1.034804,-0.000808,0.002527,0.001377,-7.973886,30.327824,62.801662,1005.770996
1.675084,0.028548,0.094916,1.032852,-0.000794,0.002484,0.001054,-7.895728,30.482086,63.049988,1005.770996
1.689991,0.027328,0.092964,1.032120,0.000721,0.001542,-0.000465,-7.833201,30.605497,63.248650,1005.770996
1.698778,0.026840,0.095892,1.032852,0.000108,0.002717,-0.000458,-7.783180,30.704226,63.407578,1005.770996
1.707546,0.026108,0.095404,1.024800,0.000106,0.002371,0.000451,-7.743163,30.783209,63.235485,1005.774414
1.717474,0.027328,0.093940,1.028216,-0.001097,0.003532,-0.001358,-7.607538,30.650394,63.097813,1005.774414
1.735452,0.027816,0.096380,1.026752,-0.000478,0.001972,0.001067,-7.499038,30.544144,62.987675,1005.774414
1.750375,0.029036,0.092720,1.034316,-0.000770,0.002539,0.001349,-7.412238,30.459143,62.899563,1005.779053
1.760285,0.028304,0.095648,1.032364,-0.000457,0.001295,0.001927,-7.550021,30.217543,62.773659,1005.779053
1.775181,0.027328,0.093208,1.030168,-0.001350,0.000072,0.000994,-7.660247,30.024261,62.672935,1005.779053
1.783959,0.027084,0.095404,1.033828,0.000174,0.000672,0.000076,-7.748428,29.869637,62.592358,1005.779053
1.792737,0.026108,0.096136,1.027240,-0.001630,0.000060,-0.001427,-7.818973,29.745937,62.527897,1005.779785
1.802658,0.026840,0.093940,1.025776,-0.002204,0.000059,0.000399,-7.875409,29.646978,62.476326,1005.779785
1.820615,0.028060,0.094672,1.026264,0.001437,0.002160,0.000693,-7.862276,29.747011,62.387043,1005.779785
1.835511,0.027572,0.092232,1.032608,-0.001290,-0.000880,0.000981,-7.851769,29.827038,62.315617,1005.783447
1.845471,0.026108,0.094916,1.026508,-0.001568,0.000937,0.000364,-7.843364,29.891058,62.258476,1005.783447
1.860385,0.026840,0.094184,1.027728,-0.002143,0.000020,0.000358,-7.733028,29.931074,62.301430,1005.783447
1.869160,0.029036,0.093208,1.034072,-0.001206,0.001522,-0.000248,-7.644760,29.963087,62.335793,1005.785645
1.879090,0.027816,0.094916,1.030168,-0.000885,0.002397,-0.000545,-7.574145,29.988697,62.363281,1005.785645
1.897076,0.028548,0.093452,1.029436,-0.000270,0.000555,-0.000535,-7.517653,30.009186,62.385273,1005.785645
1.911981,0.025620,0.094916,1.025044,-0.002067,0.002047,-0.000226,-7.608450,29.930376,62.506306,1005.790771
1.921912,0.027816,0.092476,1.029924,-0.002333,-0.000090,0.001880,-7.681088,29.867329,62.603130,1005.790771
1.936825,0.026840,0.096624,1.026996,-0.000492,0.000513,0.000347,-7.739198,29.816891,62.680592,1005.790771
1.946408,0.027084,0.094672,1.026020,-0.003186,0.000504,0.000641,-7.785686,29.776541,62.742561,1005.790771
1.955560,0.028060,0.093208,1.032608,0.001672,-0.000105,0.000330,-7.926488,29.951460,62.762581,1005.793701
1.971564,0.026108,0.092964,1.026264,0.000443,-0.000404,-0.001477,-8.039129,30.091396,62.778595,1005.793701
1.980331,0.029036,0.092232,1.032852,-0.000465,-0.000397,0.000049,-8.129243,30.203344,62.791409,1005.793701
1.989083,0.028548,0.093940,1.033584,-0.001659,0.000811,0.000949,-8.201334,30.292904,62.801659,1005.793213
1.999119,0.026596,0.095892,1.027972,-0.002532,-0.000104,-0.000568,-8.259007,30.364552,62.809860,1005.793213
2.014032,0.026840,0.094672,1.033828,-0.001588,-0.001003,0.000642,-8.059067,30.309870,63.030689,1005.793213
2.022817,0.027816,0.096136,1.028216,-0.000060,0.000215,0.000632,-7.899115,30.266125,63.207352,1005.793213
2.031581,0.026596,0.094672,1.026020,-0.001260,-0.000089,-0.000580,-7.771153,30.231129,63.348682,1005.797607
2.041562,0.028304,0.092720,1.030412,0.002064,0.000814,-0.001772,-7.668784,30.203131,63.461746,1005.797607
2.056696,0.026352,0.095648,1.023092,-0.000973,-0.000401,0.000360,-7.696976,30.135933,63.360096,1005.797607
2.065567,0.027328,0.093452,1.029924,-0.002158,0.001407,0.000354,-7.719530,30.082174,63.278774,1005.797607
2.074343,0.028060,0.094428,1.032852,-0.000621,0.002885,-0.000853,-7.737573,30.039167,63.213718,1005.796875
2.084254,0.026352,0.096136,1.027484,-0.001211,0.000134,0.000363,-7.752007,30.004763,63.161671,1005.796875
2.099139,0.027816,0.092720,1.033828,-0.000890,0.001333,-0.000544,-7.763555,29.977238,62.998123,1005.796875
2.107938,0.027084,0.095892,1.029436,0.002128,0.001010,-0.000235,-7.915258,30.134418,62.867287,1005.796875
2.116703,0.027328,0.095160,1.024556,-0.000611,0.000093,0.000069,-8.036622,30.260162,62.762615,1005.802490
2.126640,0.027816,0.092964,1.031388,0.000301,0.000391,0.000068,-8.133713,30.360758,62.678879,1005.802490
2.141555,0.025376,0.095648,1.025776,-0.002407,0.001886,-0.001134,-8.211385,30.441235,62.611889,1005.802490
2.150339,0.027816,0.092964,1.029192,0.000036,0.001254,0.000987,-8.273522,30.208817,62.388363,1005.802490
2.159125,0.026840,0.093452,1.033096,0.002137,-0.000269,0.000069,-8.310282,30.022881,62.209541,1005.803467
2.169051,0.027816,0.096624,1.024800,-0.000601,-0.000865,-0.000232,-8.339689,29.874132,62.066483,1005.803467
2.183953,0.027816,0.093452,1.035536,-0.001492,-0.000250,0.000373,-8.363214,29.755135,61.952038,1005.803467
2.192749,0.029036,0.095404,1.031632,-0.000867,0.000355,0.000366,-8.382035,29.659935,61.860481,1005.804932
2.202678,0.027084,0.094428,1.024800,0.000950,0.000349,0.000360,-8.403567,29.701376,61.805706,1005.804932
2.220644,0.028060,0.094916,1.025532,0.000033,0.000343,-0.001147,-8.420794,29.734529,61.761887,1005.804932
2.235549,0.026840,0.094428,1.027728,-0.001769,-0.000263,-0.001428,-8.434574,29.761051,61.726830,1005.807861
2.245474,0.028060,0.091500,1.033340,0.000663,-0.002060,-0.002305,-8.445599,29.782269,61.754200,1005.807861
2.260378,0.025620,0.093696,1.026996,-0.000550,0.001277,0.001037,-8.370234,29.760042,61.776096,1005.807861
2.269139,0.029036,0.091988,1.034072,-0.001441,0.001556,0.001320,-8.309941,29.742262,61.793613,1005.807861
2.278034,0.028548,0.095648,1.033828,0.000685,0.001230,0.001297,-8.261708,29.728037,61.807625,1005.800049
2.287944,0.025132,0.096136,1.026508,-0.002029,0.000609,0.000975,-8.223122,29.716658,61.818836,1005.800049
2.302854,0.026352,0.092720,1.034316,-0.000494,-0.000303,0.000058,-8.276437,29.836353,62.241562,1005.800049
2.311653,0.026840,0.096380,1.027484,-0.000185,-0.000598,-0.000544,-8.319089,29.932110,62.579742,1005.800049
2.320522,0.026352,0.093940,1.025288,-0.001683,0.000613,-0.000835,-8.353210,30.008717,62.850288,1005.806396
2.330474,0.028548,0.091988,1.035536,0.000447,-0.000298,-0.000520,-8.380507,30.070002,63.066727,1005.806396
2.345381,0.026840,0.093696,1.024800,-0.000762,-0.000293,0.000389,-8.402346,30.063030,63.058857,1005.806396
2.354162,0.028548,0.092720,1.030900,-0.002250,0.001514,0.001584,-8.296777,30.057453,63.052559,1005.806396
2.362940,0.027816,0.094672,1.033828,-0.001312,0.000588,0.003059,-8.212321,30.052990,63.047520,1005.805176
2.372859,0.026108,0.095892,1.026020,-0.001590,-0.001825,0.000605,-8.144757,30.049419,63.043491,1005.805176
2.390818,0.028060,0.093208,1.029680,0.000239,-0.000893,-0.000907,-8.090706,30.046564,63.040268,1005.805176
2.405702,0.026108,0.092964,1.026752,-0.000967,0.000323,-0.000891,-8.254688,29.993879,63.163296,1005.809814
2.415637,0.027816,0.092964,1.032120,0.001452,-0.000583,-0.000576,-8.385874,29.951731,63.261715,1005.809814
2.430537,0.026840,0.094916,1.025044,-0.000374,0.000027,-0.000567,-8.490823,29.918013,63.340450,1005.809814
2.439327,0.027572,0.093452,1.030412,0.000533,0.000928,-0.000557,-8.574781,29.891037,63.403439,1005.805908
2.449254,0.027572,0.094428,1.034560,0.000224,0.000612,0.000353,-8.544813,29.925457,63.206314,1005.805908
2.467216,0.025132,0.093696,1.033340,0.000821,-0.000900,-0.000554,-8.520839,29.952993,63.048615,1005.805908
2.482114,0.027572,0.093696,1.030656,0.001708,0.002719,-0.001445,-8.501658,29.975023,62.922455,1005.802979
2.492054,0.026352,0.092964,1.024800,0.001078,0.000571,0.000381,-8.486315,30.199846,62.913883,1005.802979
2.510017,0.028060,0.094428,1.025776,-0.000141,-0.000039,0.000074,-8.428709,30.379705,62.907028,1005.802979
2.524917,0.026352,0.093452,1.029192,-0.001340,-0.000639,-0.000528,-8.382625,30.523592,62.901543,1005.796875
2.534844,0.028548,0.092720,1.035048,0.000184,0.001474,0.000082,-8.345757,30.638702,62.897156,1005.796875
2.549755,0.027816,0.092720,1.026264,-0.001320,0.000248,-0.001121,-8.309788,30.529190,62.926891,1005.796875
2.558685,0.028060,0.092476,1.034072,0.000504,0.000244,0.000099,-8.281012,30.441580,62.950680,1005.797363
2.568756,0.027328,0.095404,1.032120,0.003198,0.002342,-0.000503,-8.257991,30.371492,62.969711,1005.797363
2.586745,0.028548,0.092720,1.034804,-0.001060,0.000500,-0.001395,-8.239574,30.315422,62.984936,1005.797363
2.601631,0.027084,0.094916,1.026752,0.000459,0.000492,-0.001072,-8.315501,30.348965,62.993423,1005.796143
2.611552,0.028060,0.094672,1.034560,-0.003753,-0.001318,-0.000453,-8.376243,30.375799,63.000214,1005.796143
2.626441,0.027328,0.095648,1.031144,0.000815,-0.000695,-0.000145,-8.424836,30.397266,63.005646,1005.796143
2.635213,0.026108,0.094672,1.024556,-0.000100,0.000818,0.000158,-8.463711,30.414440,63.009991,1005.796143
2.643988,0.028060,0.091988,1.032608,0.000202,0.000804,0.001056,-8.365296,30.327381,62.943275,1005.793701
2.653917,0.027572,0.094916,1.034804,-0.001303,-0.000711,0.000137,-8.286565,30.257732,62.889904,1005.793701
2.668823,0.026840,0.092720,1.027484,-0.000980,0.001403,-0.001066,-8.223579,30.202015,62.847206,1005.793701
2.677598,0.027572,0.092964,1.034804,-0.000664,0.000779,-0.000448,-8.173191,30.157440,62.813049,1005.793701
2.686373,0.028304,0.095892,1.028216,-0.000953,0.000466,-0.001341,-8.132880,30.121780,62.575150,1005.789551
2.696292,0.027328,0.094672,1.025532,0.000565,-0.001344,-0.000418,-8.029399,30.115652,62.384830,1005.789551
2.714250,0.027572,0.095160,1.024800,-0.000646,-0.001321,0.000190,-7.946614,30.110750,62.232574,1005.789551
2.729219,0.027816,0.092232,1.029924,-0.000034,-0.000398,0.000787,-7.880385,30.106829,62.110771,1005.786865
2.739188,0.025864,0.094672,1.033828,-0.000034,-0.000992,0.001375,-7.982820,30.103691,62.094601,1005.786865
2.754095,0.027084,0.093940,1.027972,-0.001835,-0.000375,-0.000150,-8.064768,30.101181,62.081665,1005.786865
2.762876,0.029036,0.092964,1.033584,-0.000903,0.000232,0.000453,-8.130326,30.099173,62.071316,1005.787354
2.772782,0.028060,0.094916,1.029192,-0.000588,0.000829,0.000145,-8.182773,30.097567,62.063038,1005.787354
2.790705,0.028304,0.092964,1.034072,-0.000278,0.000214,0.000743,-8.237681,30.017881,62.148769,1005.787354
2.805615,0.026840,0.096136,1.026996,-0.000874,-0.000390,0.001632,-8.281609,29.954132,62.217358,1005.779785
2.815532,0.027084,0.092964,1.028704,0.000643,-0.001284,0.000704,-8.316751,29.903133,62.272228,1005.779785
2.833489,0.027084,0.094916,1.025776,-0.000569,0.000239,0.001292,-8.344864,29.862335,62.674469,1005.779785
2.848421,0.028060,0.091744,1.033828,-0.000560,-0.003069,0.002171,-8.373831,29.975296,62.996262,1005.778076
2.858350,0.027572,0.095404,1.032120,0.000651,-0.001816,0.000633,-8.397004,30.065664,63.253693,1005.778076
2.873261,0.027816,0.092964,1.030900,-0.002363,0.002419,-0.000278,-8.415543,30.137959,63.459641,1005.778076
2.882086,0.027328,0.093696,1.032120,0.000980,0.000576,0.000928,-8.430373,30.195795,63.170002,1005.778076
2.890893,0.027816,0.096380,1.026508,-0.000538,-0.000635,0.001213,-8.578228,30.135664,62.938290,1005.777344
2.900803,0.026840,0.094916,1.024312,-0.001430,-0.001525,0.001192,-8.696511,30.087559,62.752922,1005.777344
2.915712,0.026840,0.095404,1.027972,0.002498,0.002104,0.000271,-8.791139,30.049076,62.604626,1005.777344
2.924536,0.026596,0.093696,1.025532,0.000354,0.000568,-0.000334,-8.866840,30.018290,62.485989,1005.777344
2.933341,0.027816,0.092720,1.032120,0.000648,-0.000043,-0.001530,-8.927402,29.943260,62.557323,1005.774414
2.943276,0.027572,0.096136,1.024068,0.000637,0.000258,-0.000002,-8.826909,29.883236,62.614391,1005.774414
2.961000,0.028548,0.093940,1.026996,0.000627,0.000254,0.000598,-8.746515,29.835217,62.660046,1005.781006
2.986088,0.026840,0.091012,1.030656,0.001217,-0.000651,-0.000613,-8.617443,29.768801,62.670708,1005.781006
3.011377,0.028304,0.092720,1.033096,0.000596,-0.001541,0.000599,-8.514185,29.715668,62.679237,1005.780029
3.036442,0.026596,0.092476,1.035292,-0.001216,-0.000014,-0.000012,-8.386248,29.824362,62.327717,1005.782227
3.060086,0.028060,0.095160,1.025532,0.000606,-0.001515,-0.001213,-8.283898,29.911318,62.046501,1005.782227
3.080031,0.026596,0.095648,1.033828,-0.001807,0.000312,0.000008,-8.318583,29.868881,62.275925,1005.782471
3.105437,0.027572,0.092964,1.033584,0.000026,0.000007,0.001510,-8.346330,29.834932,62.459461,1005.782471
3.128224,0.027572,0.093940,1.033828,-0.001176,0.000607,-0.000017,-8.368527,29.897373,62.454826,1005.781738
3.150498,0.028548,0.093696,1.032852,-0.001156,0.000297,-0.001819,-8.062499,29.947327,62.451118,1005.781738
3.173258,0.028792,0.095404,1.025532,-0.000536,-0.000008,-0.000286,-7.817676,29.908890,62.754776,1005.775391
3.198569,0.028548,0.095892,1.030168,0.000674,-0.000309,-0.001183,-7.887322,29.878139,62.997704,1005.775391
3.224428,0.028548,0.096136,1.032120,0.000963,-0.000003,-0.000562,-7.943040,29.892740,62.966694,1005.771729
3.249744,0.026840,0.094428,1.032364,0.000346,0.002700,-0.000853,-8.000566,29.904421,62.941887,1005.769531
3.275040,0.029036,0.092476,1.036756,0.000641,0.000552,0.001564,-8.046586,29.857765,62.995926,1005.769531
3.300856,0.027084,0.093452,1.030412,-0.000571,0.000543,-0.001165,-7.915033,29.820440,63.039158,1005.765625
3.326221,0.027572,0.093696,1.027728,0.002141,-0.000067,0.000656,-7.984635,29.964180,62.589794,1005.763184
3.351540,0.025864,0.093452,1.023824,0.000003,0.000835,0.000345,-8.040318,30.079172,62.230305,1005.763184
3.377345,0.027572,0.095892,1.025288,0.001805,-0.000981,0.000039,-8.156096,30.103966,62.086788,1005.758057
3.402635,0.027328,0.094184,1.024312,0.002075,0.001738,0.000038,-8.248719,30.123800,61.971973,1005.758057
3.428444,0.028304,0.095892,1.028704,0.000238,0.001709,-0.001464,-8.329293,30.016468,62.068531,1005.756592
3.454097,0.028060,0.094672,1.030656,0.001135,0.001681,-0.000539,-8.393752,29.930603,62.145779,1005.754395
3.479366,0.029036,0.094184,1.033340,-0.003689,-0.000450,0.000071,-8.361135,29.716311,62.004391,1005.754395
3.505241,0.028060,0.091988,1.036024,-0.000624,0.000459,-0.000230,-8.335041,29.544876,61.891281,1005.753174
3.530574,0.026596,0.094184,1.032852,0.000287,0.001952,-0.000527,-8.093991,29.575729,61.782322,1005.750244
3.556007,0.026596,0.092964,1.029924,-0.000618,-0.001384,-0.000818,-7.901152,29.600410,61.695152,1005.750244
3.581915,0.024888,0.094428,1.029436,0.001794,-0.000760,-0.000204,-7.973530,29.698557,62.013317,1005.753906
3.607541,0.026352,0.094428,1.022848,-0.000938,-0.000146,-0.000501,-8.031433,29.777073,62.256763,1005.751709
3.632890,0.029524,0.095892,1.024556,0.001780,0.001358,-0.000492,-8.142513,29.739086,62.451523,1005.751709
3.658758,0.025620,0.096136,1.030168,0.001450,0.000134,0.001318,-8.231377,29.708696,62.337646,1005.754395
3.684063,0.027328,0.095892,1.035048,-0.001878,0.000131,-0.000506,-8.069342,29.684385,62.246548,1005.754395
3.709867,0.029280,0.092964,1.038464,0.000856,0.001631,0.001905,-7.939713,29.664936,62.517235,1005.751465
3.735193,0.025620,0.092720,1.030656,-0.000059,-0.000499,0.000371,-7.803632,29.772577,62.733784,1005.754883
3.760508,0.025620,0.093208,1.031876,-0.001860,-0.000491,-0.000236,-7.694767,29.830690,62.932884,1005.754883
3.786333,0.026596,0.092476,1.026996,-0.000627,-0.001383,0.000069,-7.730714,29.877180,63.092163,1005.759521
3.811603,0.026108,0.094184,1.027484,0.000284,-0.000459,0.001269,-7.759471,29.970371,62.765194,1005.769531
3.836909,0.027572,0.095404,1.022116,-0.000021,-0.000151,0.001548,-7.763050,30.044926,62.503616,1005.769531
3.862764,0.027816,0.095404,1.026264,0.001481,-0.000449,-0.000580,-7.765913,29.992569,62.637920,1005.770752
3.888109,0.029768,0.096136,1.029924,-0.000346,0.000460,0.000630,-7.612786,29.950684,62.745365,1005.770752
3.913928,0.027816,0.092964,1.034072,-0.002142,0.001353,0.000920,-7.729887,30.023575,62.480366,1005.769531
3.939277,0.028060,0.093452,1.034316,-0.001805,0.001330,0.000304,-7.823567,30.081888,62.268368,1005.769775
3.964612,0.025864,0.093696,1.034072,0.000027,0.000107,0.000599,-7.872608,30.050138,62.449722,1005.769775
3.990575,0.025620,0.093696,1.034804,0.000026,-0.000796,-0.000312,-7.911841,30.024738,62.594807,1005.774902
4.013287,0.025864,0.097112,1.026996,0.000927,0.001319,-0.000607,-7.807238,30.071619,62.389473,1005.774902
4.033001,0.026840,0.096624,1.031144,-0.001191,0.000396,-0.000296,-7.723555,30.109123,62.225208,1005.774658
4.058355,0.027328,0.095404,1.033340,0.002433,-0.000211,0.003012,-7.656608,30.195126,62.311756,1005.776367
4.083698,0.029524,0.092476,1.035048,-0.000011,0.002195,0.001160,-7.616003,30.263927,62.380993,1005.776367
4.109753,0.025620,0.092232,1.030900,-0.001812,0.000356,-0.000662,-7.829596,30.251770,62.214729,1005.781494
4.135149,0.026596,0.091988,1.032364,0.000921,-0.000551,0.001452,-8.000470,30.242044,62.081718,1005.781494
4.158015,0.025620,0.096380,1.023824,0.000005,-0.000541,-0.001576,-7.904044,30.267864,62.248684,1005.783203
4.180214,0.028060,0.096624,1.028460,-0.000896,0.000369,0.000853,-7.826902,30.288519,62.382256,1005.785156
4.202447,0.027572,0.094428,1.032608,0.000620,-0.000839,-0.000362,-7.765190,30.109043,62.326565,1005.785156
4.228301,0.028060,0.092232,1.035048,-0.001793,-0.000524,0.000244,-7.670489,29.965462,62.282013,1005.782715
4.253612,0.027328,0.093452,1.031876,-0.000561,-0.001717,-0.001261,-7.594728,29.996197,62.257454,1005.782715
4.279465,0.025132,0.092232,1.031388,-0.000552,-0.001688,-0.000039,-7.689538,30.020786,62.237808,1005.786377
4.304768,0.026352,0.094916,1.024556,-0.001143,-0.001359,-0.000038,-7.823666,29.922857,62.148205,1005.784912
4.330171,0.028548,0.094428,1.026020,-0.001725,-0.001036,-0.001239,-7.930969,29.844513,62.076523,1005.784912
4.356026,0.028548,0.093940,1.027972,-0.001395,0.001083,-0.001218,-7.822539,29.921839,62.011787,1005.780762
4.381336,0.026108,0.095892,1.026752,-0.001672,-0.000737,0.000304,-7.735796,29.983700,61.959999,1005.777832
4.406635,0.028548,0.095648,1.029436,0.000158,0.001078,-0.001503,-7.692304,29.988388,61.948124,1005.777832
4.432455,0.027816,0.093940,1.033584,-0.003148,-0.000142,0.000925,-7.657511,29.992138,61.938622,1005.776123
4.457788,0.025376,0.093696,1.032852,-0.000993,0.001662,0.000308,-7.551967,30.017538,61.997517,1005.776123
4.483625,0.025864,0.090280,1.035292,0.002327,0.000133,-0.000898,-7.467533,30.037859,62.044632,1005.778320
4.508922,0.027572,0.095160,1.029680,0.000186,-0.000470,-0.000582,-7.510072,30.160515,62.004745,1005.777588
4.534239,0.028060,0.093940,1.027240,-0.000418,0.000139,0.001529,-7.544104,30.258640,61.972839,1005.777588
4.560165,0.026840,0.094672,1.026264,-0.000111,0.001638,0.000302,-7.577805,30.141140,61.744129,1005.780273
4.585483,0.029036,0.095404,1.025532,0.002594,-0.001993,0.001799,-7.604765,30.047140,61.561161,1005.781982
4.610870,0.026108,0.093452,1.030656,0.000148,0.000743,-0.000634,-7.691092,30.033541,61.695549,1005.781982
4.637019,0.028548,0.093452,1.034072,0.000145,0.001031,0.000578,-7.760152,30.022661,61.677456,1005.785645
4.662398,0.027328,0.094428,1.030168,-0.000157,0.001013,-0.000933,-7.750644,30.030758,61.662979,1005.785645
4.688235,0.027084,0.093696,1.032852,-0.000155,0.000696,-0.000917,-7.743037,30.037235,61.876751,1005.787842
4.713561,0.025620,0.091988,1.031144,0.000749,-0.000517,-0.000001,-7.600961,29.964016,62.047768,1005.788330
4.738910,0.026596,0.092964,1.029192,0.000436,-0.000808,-0.000602,-7.487301,29.989441,62.084835,1005.788330
4.764762,0.028304,0.093940,1.025044,-0.000472,0.000406,0.000910,-7.448178,30.009781,62.114487,1005.792236
4.790075,0.027816,0.097356,1.025288,-0.000464,-0.001102,-0.000907,-7.416880,29.942053,62.116043,1005.801025
4.815400,0.028548,0.094672,1.026996,-0.001057,0.001319,-0.002093,-7.599064,29.887871,62.117290,1005.801025
4.841369,0.028060,0.093940,1.029436,-0.001040,-0.000505,-0.000556,-7.744812,29.939724,62.232811,1005.807373
4.867056,0.027572,0.095160,1.034072,-0.000722,0.001606,-0.000247,-7.977973,29.981207,62.325226,1005.807373
4.892933,0.027328,0.093208,1.035536,-0.000710,0.000678,-0.000543,-8.093268,29.935993,62.155338,1005.812500
4.918364,0.024156,0.093208,1.030900,-0.000097,0.000066,0.000367,-8.185505,29.899822,62.019428,1005.809570
4.943823,0.024888,0.092964,1.029192,0.001106,-0.001137,-0.000240,-8.136256,29.837286,62.028915,1005.809570
4.966614,0.025376,0.095892,1.027972,0.001988,-0.000517,0.001266,-8.096857,29.787256,62.036503,1005.810303
4.988857,0.029036,0.094428,1.022848,0.000153,0.000393,-0.000858,-8.065337,29.769632,61.776588,1005.810303
5.011619,0.029036,0.095160,1.031144,0.001952,0.000086,0.000658,-8.072500,29.755533,61.568657,1005.810303
5.036941,0.027572,0.092476,1.033340,-0.000483,-0.000216,-0.000854,-8.078231,29.979454,61.949062,1005.818359
5.062438,0.026352,0.092964,1.034072,-0.001076,0.000088,-0.000540,-7.940349,30.158592,62.253387,1005.818359
5.088267,0.026596,0.092720,1.031876,-0.000157,-0.000214,-0.002032,-7.901277,30.122702,62.057228,1005.817627
5.114078,0.025376,0.092232,1.032364,0.000146,0.002492,-0.000196,-7.870018,30.093990,61.900303,1005.815674
5.136963,0.026108,0.095892,1.025776,0.000144,0.000048,0.000708,-7.903294,30.227821,62.092468,1005.815674
5.156662,0.029036,0.096380,1.034072,0.000742,-0.001454,-0.001406,-7.929914,30.334885,62.246201,1005.814697
5.182035,0.026352,0.091012,1.034316,0.001330,-0.000529,-0.001082,-7.951210,30.386936,62.092117,1005.814697
5.207904,0.026352,0.091744,1.033340,0.000707,0.000081,-0.000463,-7.832257,30.428577,61.968849,1005.817871
5.233472,0.025132,0.092232,1.030168,0.000095,0.000680,-0.002858,-7.737094,30.523491,62.184246,1005.817871
5.256678,0.026596,0.092964,1.029192,0.001595,0.001569,-0.000708,-7.777527,30.599421,62.356564,1005.817627
5.277191,0.029036,0.096624,1.030168,-0.000534,0.000042,-0.000095,-7.809874,30.660164,62.727158,1005.817627
5.301508,0.027328,0.096380,1.032120,0.000676,0.000341,0.001408,-7.945838,30.669559,63.023632,1005.813477
5.325129,0.026108,0.092964,1.027484,0.001565,0.002437,-0.002219,-8.054610,30.542675,62.865524,1005.812988
5.352272,0.026352,0.091744,1.034804,0.000939,0.000895,0.000821,-8.070395,30.441168,62.739040,1005.812988
5.369042,0.027084,0.096624,1.031632,-0.000278,-0.000622,0.001408,-8.083022,30.359962,62.637852,1005.816650
5.385073,0.028304,0.093696,1.029680,-0.000574,0.001791,-0.001619,-8.034842,30.222198,62.641872,1005.816650
5.393850,0.027572,0.094428,1.033340,0.003339,0.000860,-0.001291,-7.996298,30.111986,62.645088,1005.816650
5.402632,0.026352,0.095892,1.026264,0.001181,-0.002758,0.000832,-7.965463,30.023817,62.647659,1005.816650
5.420648,0.028304,0.092476,1.028460,-0.003043,0.000292,-0.000683,-7.940795,29.953281,62.649715,1005.816406
5.436691,0.026840,0.093696,1.025288,-0.000289,-0.001215,0.000830,-7.713837,30.137653,62.411236,1005.816406
5.454681,0.028792,0.095404,1.025776,0.001518,0.000908,-0.000085,-7.532271,30.285151,62.220451,1005.816406
5.470706,0.027084,0.092232,1.030168,-0.000610,0.000592,-0.000384,-7.387018,30.403149,62.067822,1005.816406
5.488661,0.025620,0.095404,1.026996,-0.001501,0.000282,-0.000377,-7.458612,30.480747,62.219093,1005.816406
5.503553,0.026596,0.093208,1.035536,-0.000574,0.001178,0.000830,-7.515887,30.542826,62.340111,1005.816895
5.513468,0.027572,0.097356,1.030412,-0.000865,0.002059,0.000216,-7.561707,30.592489,62.436928,1005.816895
5.531426,0.028304,0.092964,1.031632,-0.001151,0.000523,-0.000088,-7.494751,30.626619,62.861641,1005.820068
5.547489,0.026352,0.095648,1.023580,0.000370,0.000815,0.000214,-7.441187,30.653923,63.201412,1005.820068
5.565479,0.029036,0.092232,1.027484,-0.002339,-0.001902,-0.002192,-7.398335,30.675766,63.473228,1005.820068
5.580373,0.026352,0.094184,1.024312,-0.000798,-0.000969,-0.002456,-7.396433,30.654041,63.631573,1005.815918
5.590286,0.027816,0.092964,1.032608,0.000417,-0.001854,0.000288,-7.394911,30.636662,63.758247,1005.815918
5.608247,0.026108,0.093452,1.032120,-0.001092,0.001181,-0.000317,-7.393693,30.622757,63.859589,1005.815918
5.623440,0.027572,0.093940,1.035780,0.000728,0.000560,0.000289,-7.392719,30.611633,63.767029,1005.821777
5.633731,0.025620,0.095892,1.026508,0.001317,0.000551,-0.000017,-7.391939,30.641935,63.692982,1005.821777
5.648624,0.027816,0.093696,1.033584,-0.000507,-0.000960,0.000885,-7.391315,30.666176,63.633743,1005.821777
5.657627,0.027572,0.096380,1.028460,0.000102,-0.000944,0.001470,-7.390817,30.685570,63.586353,1005.821045
5.667779,0.026352,0.094916,1.033584,0.001001,0.000573,-0.000356,-7.390418,30.701084,63.548443,1005.821045
5.682703,0.028548,0.094916,1.032852,-0.000217,-0.000637,0.000851,-7.292963,30.696695,63.518112,1005.821045
5.691492,0.027084,0.095648,1.024800,0.000087,0.001776,-0.000064,-7.214999,30.693184,63.493851,1005.821045
5.700261,0.026596,0.093940,1.029192,0.000686,0.000545,-0.000363,-7.152627,30.690376,63.474442,1005.822510
5.710150,0.028792,0.094184,1.027728,0.000374,-0.000966,-0.000658,-7.102730,30.688129,63.458912,1005.822510
5.725121,0.026596,0.093940,1.024800,-0.001734,0.001152,-0.000647,-7.062813,30.607931,63.487125,1005.822510
5.733921,0.028060,0.092476,1.031876,-0.000804,-0.000368,-0.000335,-7.166869,30.543774,63.509697,1005.822510
5.742689,0.027328,0.096868,1.028704,0.000411,-0.000663,-0.000930,-7.250114,30.492447,63.527756,1005.825684
5.752612,0.026352,0.094916,1.032852,0.000103,-0.001853,-0.001215,-7.316710,30.451385,63.542202,1005.825684
5.767516,0.028548,0.093696,1.034560,0.000402,0.000581,-0.002095,-7.369987,30.418537,63.553761,1005.825684
5.776310,0.028304,0.095648,1.027484,0.001296,-0.000630,-0.000559,-7.386706,30.280258,63.418930,1005.823486
5.786237,0.028060,0.093208,1.025776,-0.000528,0.000281,0.000352,-7.400081,30.169634,63.311066,1005.823486
5.804198,0.026352,0.096868,1.024556,0.001283,0.001778,-0.001456,-7.410780,30.081135,63.224773,1005.823486
5.819097,0.027816,0.090280,1.033584,0.000060,0.000547,-0.000231,-7.419341,30.010336,63.196377,1005.827148
5.829014,0.027572,0.093452,1.024556,0.000059,-0.000363,0.000674,-7.536276,30.088097,63.173660,1005.827148
5.843915,0.028304,0.093940,1.029436,0.000359,-0.002759,0.000663,-7.629824,30.150305,63.155487,1005.827148
5.852696,0.027572,0.094672,1.034316,0.001554,-0.001211,0.001252,-7.704663,30.200071,63.140945,1005.827148
5.861485,0.026596,0.096624,1.026996,0.001528,-0.001191,0.000931,-7.764534,30.239885,63.129314,1005.825439
5.871406,0.026840,0.094184,1.026020,0.000601,-0.001171,0.000014,-7.812430,30.204536,62.902046,1005.825439
5.889334,0.027084,0.095892,1.024556,-0.001211,0.001852,0.001816,-7.773039,30.176258,62.720234,1005.825439
5.904237,0.029768,0.092232,1.032608,0.000011,-0.001783,0.000584,-7.741526,30.153635,62.574783,1005.826660
5.914165,0.026840,0.094428,1.026020,0.000311,-0.001153,0.000875,-7.716315,30.135536,62.458424,1005.826660
5.929098,0.027328,0.093452,1.028948,0.000606,-0.002034,0.000560,-7.806234,30.238657,62.841896,1005.826660
5.937918,0.026596,0.093696,1.035048,0.000295,0.000102,-0.000351,-7.878169,30.321154,63.148674,1005.826660
5.946709,0.025864,0.097112,1.027728,0.001191,-0.000200,0.000857,-7.935717,30.387150,63.394096,1005.819824
5.956700,0.026352,0.094916,1.034560,-0.000630,0.000404,0.000842,-7.981755,30.439947,63.590431,1005.819824
5.971609,0.027328,0.095404,1.032120,0.001182,-0.000203,0.001729,-7.882596,30.308586,63.492596,1005.819824
5.980394,0.025864,0.094184,1.026508,-0.000039,0.000701,0.000198,-7.803268,30.203497,63.414330,1005.822021
5.990307,0.027816,0.093696,1.030900,-0.002141,0.002791,-0.001306,-7.739807,30.119425,63.351715,1005.822021
6.008276,0.027084,0.096380,1.025044,0.000598,0.001844,0.000818,-7.689037,30.052168,63.301624,1005.822021
6.023178,0.027572,0.092964,1.034316,0.000888,-0.000289,-0.000397,-7.654897,30.239162,63.320660,1005.823486
6.033098,0.028304,0.095648,1.031876,0.001474,-0.001786,0.000811,-7.627585,30.388758,63.335888,1005.823486
6.048025,0.027328,0.092720,1.032852,-0.001253,0.000046,0.001698,-7.605736,30.508434,63.348068,1005.823486
6.056822,0.027816,0.096136,1.031876,0.000569,-0.000556,0.000468,-7.588256,30.604176,63.357815,1005.823486
6.065600,0.026352,0.094916,1.025776,0.001160,0.000355,-0.000741,-7.574273,30.680769,63.291725,1005.816895
6.075517,0.028548,0.092964,1.029436,-0.000361,-0.000853,0.000172,-7.621367,30.646843,63.238853,1005.816895
6.093483,0.028548,0.096624,1.023824,-0.000354,0.000663,0.000470,-7.659042,30.619701,63.196556,1005.816895
6.108373,0.027572,0.092476,1.032852,0.000853,-0.000849,-0.000739,-7.689183,30.597988,63.162720,1005.813721
6.118383,0.027572,0.096136,1.025532,-0.000363,-0.001135,-0.001328,-7.829858,30.720619,63.353611,1005.813721
6.133496,0.027572,0.091988,1.033096,-0.000957,0.000986,-0.002206,-7.942398,30.818724,63.506325,1005.813721
6.142365,0.028060,0.094672,1.033584,0.002662,-0.001133,0.000233,-8.032431,30.897207,63.628494,1005.812500
6.152294,0.025864,0.095648,1.024800,-0.000686,-0.001114,-0.000071,-8.104456,30.959993,63.726231,1005.812500
6.167180,0.029036,0.091500,1.033584,-0.000074,-0.000194,-0.000670,-7.974281,30.786222,63.756397,1005.812500
6.175973,0.028792,0.095404,1.028704,0.003531,0.001311,-0.001560,-7.870141,30.647205,63.780529,1005.812500
6.184763,0.025620,0.093940,1.025532,0.002571,-0.000213,0.001469,-7.786829,30.535992,63.799835,1005.808594
6.194672,0.029524,0.092964,1.032608,-0.000175,-0.000810,0.000544,-7.720179,30.447021,63.815281,1005.808594
6.210234,0.023668,0.095892,1.025776,-0.000172,0.000405,0.001135,-7.666859,30.375845,63.827637,1005.808594
6.219141,0.028060,0.093452,1.028460,0.000732,-0.001404,-0.001286,-7.669533,30.447704,64.011154,1005.808594
6.228001,0.027816,0.094672,1.034316,0.000419,-0.000780,-0.000364,-7.671673,30.505192,64.157967,1005.805908
6.237913,0.024644,0.095648,1.026020,-0.001089,0.001336,-0.000358,-7.673384,30.551182,64.275414,1005.805908
6.252842,0.029524,0.092232,1.032852,-0.001672,-0.001089,0.000850,-7.674753,30.587975,64.369370,1005.805908
6.261752,0.027328,0.094672,1.030900,0.000158,-0.001071,-0.000066,-7.675848,30.617409,64.252434,1005.805908
6.270827,0.026108,0.091988,1.025532,-0.001046,-0.001654,0.000536,-7.747958,30.568155,64.158890,1005.807373
6.287160,0.027816,0.093452,1.032608,-0.001929,-0.000725,-0.000974,-7.805645,30.528751,64.084053,1005.807373
6.296643,0.025132,0.096136,1.026264,-0.001296,-0.001013,-0.000057,-7.851795,30.497229,64.024185,1005.807373
6.312181,0.028548,0.093452,1.034072,0.000828,-0.000395,0.001145,-7.888715,30.522411,63.991062,1005.807617
6.322641,0.026840,0.096380,1.025044,-0.000387,0.001713,0.001126,-7.924727,30.542557,63.964565,1005.807617
6.338444,0.027816,0.092964,1.035048,0.000520,0.001384,-0.000395,-7.953537,30.558674,63.943367,1005.807617
6.347415,0.027328,0.096868,1.032608,-0.000990,-0.003143,0.000213,-7.976584,30.571568,63.926411,1005.800049
6.363481,0.026596,0.092720,1.029192,-0.001274,-0.002490,0.001110,-7.923789,30.626682,63.728130,1005.800049
6.372260,0.027816,0.094916,1.033584,-0.000051,-0.001848,0.000791,-7.881553,30.670774,63.569508,1005.800049
6.381035,0.027084,0.094672,1.026508,-0.002152,0.000286,0.000477,-7.847764,30.706047,63.442608,1005.800049
6.389878,0.027816,0.092964,1.026996,-0.001816,0.000581,-0.000732,-7.820733,30.734266,63.341091,1005.801758
6.399815,0.026596,0.093208,1.030412,-0.000884,0.000872,0.000482,-7.799108,30.756842,63.259876,1005.801758
6.414747,0.024644,0.093452,1.023824,0.000332,-0.001245,0.001374,-7.755905,30.595701,63.132103,1005.801758
6.423565,0.029036,0.093696,1.030412,-0.000274,0.001178,-0.000150,-7.721343,30.466789,63.029884,1005.801758
6.432381,0.027816,0.095404,1.033828,-0.000570,-0.000643,-0.000448,-7.693693,30.363659,62.948109,1005.803955
6.442350,0.025620,0.094672,1.029436,-0.001461,0.000268,-0.001041,-7.671574,30.281155,62.882687,1005.803955
6.457291,0.028060,0.094184,1.033828,0.001566,-0.001238,0.001679,-7.653878,30.215153,63.236721,1005.803955
6.466104,0.026596,0.094672,1.029436,0.000038,-0.001517,0.001351,-7.808090,30.167950,63.519947,1005.803955
6.474919,0.028060,0.093208,1.025044,0.001239,0.000911,0.001929,-7.931460,30.130188,63.746529,1005.804443
6.484878,0.030500,0.092964,1.030412,-0.000283,-0.000006,0.000395,-8.030156,30.099979,63.927795,1005.804443
6.499815,0.026352,0.093696,1.024800,0.000022,-0.000606,-0.000813,-8.109113,30.075811,64.072807,1005.804443
6.508623,0.026108,0.094184,1.029680,0.000021,-0.000896,-0.000199,-8.172278,30.112476,64.085373,1005.811035
6.518588,0.026596,0.094184,1.025776,0.001522,-0.000280,0.000405,-8.235762,30.141809,64.095428,1005.811035
6.533645,0.027572,0.092476,1.026996,-0.002707,-0.000576,0.000699,-8.286549,30.165276,64.103470,1005.811035
6.542460,0.030012,0.091256,1.033828,-0.000260,0.000935,0.001287,-8.327178,30.184048,64.109909,1005.811035
6.551578,0.027328,0.095160,1.031876,0.001246,0.001520,0.000665,-8.359682,30.199066,64.115059,1005.809570
6.567845,0.028060,0.095160,1.030656,-0.001177,0.000293,0.000954,-8.191413,30.233480,64.296501,1005.809570
6.576665,0.028060,0.095892,1.033096,0.000645,-0.000312,0.000338,-8.056798,30.261013,64.441658,1005.809570
6.585478,0.026596,0.094916,1.023580,-0.001468,0.000894,0.000632,-7.949106,30.283039,64.557785,1005.809570
6.594300,0.027328,0.093696,1.030412,-0.001444,0.002381,0.001823,-7.862952,30.300659,64.650681,1005.810059
6.610376,0.026840,0.096136,1.028948,-0.000819,-0.000062,-0.000911,-7.994777,30.331554,64.628952,1005.810059
6.619294,0.026596,0.092964,1.027484,-0.001706,-0.000962,0.002708,-8.100236,30.356272,64.611565,1005.810059
6.635880,0.027084,0.095404,1.031144,0.000425,0.000256,0.000260,-8.184604,30.376045,64.597656,1005.817383
6.645982,0.026108,0.093696,1.029924,-0.001684,0.001152,-0.000645,-8.252098,30.391865,64.586533,1005.817383
6.662450,0.028060,0.094184,1.033096,0.000746,-0.000369,-0.001535,-8.228385,30.365320,64.378143,1005.817383
6.680428,0.028792,0.092720,1.037488,-0.001068,0.000238,-0.000308,-8.209414,30.344084,64.211426,1005.812988
6.696642,0.026596,0.096380,1.031876,0.001653,-0.000967,-0.000002,-8.194238,30.327095,64.078056,1005.812988
6.714644,0.027328,0.094184,1.032608,0.000724,-0.000350,-0.000903,-8.072009,30.190304,63.941803,1005.812012
6.730911,0.026108,0.096868,1.025044,0.000411,-0.000044,-0.000888,-7.974226,30.080872,63.832802,1005.812012
6.746180,0.028792,0.092720,1.035536,-0.000196,0.000858,-0.001474,-7.896000,29.993324,63.745602,1005.812012
6.755113,0.027084,0.094916,1.027484,0.000108,0.001444,0.000053,-7.813992,30.214487,64.329727,1005.810791
6.765223,0.025864,0.094428,1.027484,0.000706,0.001720,-0.000849,-7.748385,30.391418,64.797028,1005.810791
6.780208,0.027328,0.095160,1.030168,-0.001408,0.002292,-0.000234,-7.695900,30.532963,65.170868,1005.810791
6.789123,0.026108,0.094428,1.026264,-0.001684,0.000752,0.000370,-7.653912,30.646198,65.469940,1005.810791
6.798146,0.028060,0.091988,1.030900,-0.000154,0.001039,-0.000837,-7.620321,30.736786,65.313911,1005.809570
6.808260,0.027084,0.095160,1.025532,0.000749,0.001923,-0.000823,-7.645255,30.753258,65.189087,1005.809570
6.823270,0.028060,0.093940,1.027728,0.001938,0.001290,0.000392,-7.665201,30.766434,65.089226,1005.809570
6.832267,0.027816,0.095160,1.035780,0.002506,0.002169,0.000085,-7.681159,30.776976,65.009338,1005.809570
6.841264,0.027572,0.095404,1.028948,-0.000840,0.000631,0.000084,-7.693924,30.785408,64.945427,1005.810791
6.857561,0.027572,0.094916,1.033584,0.000075,-0.000280,0.000983,-7.613477,30.713755,64.654175,1005.810791
6.866526,0.026840,0.098332,1.028704,0.000675,0.000025,0.000966,-7.549119,30.656431,64.421173,1005.810791
6.884714,0.028304,0.092232,1.035536,-0.000238,-0.000877,0.000350,-7.497632,30.610573,64.234772,1005.810791
6.900800,0.027816,0.095892,1.026020,-0.001135,0.000039,0.000344,-7.456443,30.775486,64.026543,1005.810791
6.918935,0.026596,0.093452,1.026752,-0.002016,0.001239,0.002140,-7.643666,30.907417,63.859955,1005.802246
6.933265,0.025620,0.094184,1.023824,-0.001382,-0.001784,0.000602,-7.793445,31.012962,63.726685,1005.802246
6.942206,0.028792,0.091256,1.030900,0.000143,0.000047,0.001193,-7.913268,31.097397,63.620071,1005.802246
6.951174,0.029036,0.094428,1.033340,-0.000160,0.000347,-0.000329,-7.957320,31.108946,64.203445,1005.802246
6.960105,0.027084,0.094672,1.025532,-0.003160,-0.000260,-0.002425,-7.992562,31.118185,64.670143,1005.805176
6.970157,0.026840,0.092720,1.036024,-0.003107,-0.002958,-0.000583,-8.020756,31.125576,65.043503,1005.805176
6.985232,0.025864,0.095404,1.027484,-0.000052,-0.000205,-0.002675,-8.043311,31.131489,65.342186,1005.805176
6.994150,0.025864,0.092964,1.027972,-0.001252,0.000399,0.000373,-8.061355,31.136219,65.566360,1005.805176
7.003081,0.027572,0.091744,1.033828,0.001171,-0.001110,-0.000234,-8.159974,31.308004,65.745697,1005.808594
7.019313,0.025620,0.093696,1.023824,-0.000650,-0.001391,0.001572,-8.238870,31.445433,65.889168,1005.808594
7.028472,0.028304,0.091988,1.029436,0.001163,-0.001968,0.001245,-8.301987,31.555374,66.003944,1005.808594
7.046463,0.026108,0.093696,1.028216,0.001443,-0.000134,-0.000277,-8.352480,31.402527,65.316277,1005.807129
7.062563,0.028304,0.093452,1.034316,-0.000983,0.001971,0.000628,-8.399350,31.280251,64.766136,1005.807129
7.080562,0.025620,0.095160,1.032120,-0.002168,0.001037,-0.000584,-8.436847,31.182428,64.326027,1005.811523
7.096642,0.029280,0.095892,1.032852,-0.001831,0.000419,-0.000574,-8.466844,31.036970,64.432030,1005.811523
7.114638,0.028548,0.093452,1.033340,0.000001,-0.000489,-0.000264,-8.380754,30.920605,64.516830,1005.811523
7.129684,0.026108,0.096136,1.026752,0.000001,-0.000481,0.000642,-8.311882,30.827511,64.584671,1005.809814
7.141761,0.026840,0.093208,1.035048,-0.000599,-0.000473,0.001231,-8.256784,30.753036,64.609390,1005.809814
7.157057,0.026352,0.097112,1.025776,0.002414,-0.000165,0.000009,-8.283939,30.923058,64.629166,1005.809814
7.172009,0.027328,0.094184,1.031144,0.000872,-0.002264,0.000910,-8.305663,31.059074,64.644989,1005.808105
7.181929,0.028304,0.095160,1.032852,0.001157,-0.001025,-0.000607,-8.323042,31.167889,64.657646,1005.808105
7.199970,0.028304,0.092232,1.035292,-0.000964,0.000194,0.000605,-8.291615,31.126139,64.150574,1005.808105
7.215203,0.026352,0.095648,1.027728,0.000553,-0.001311,-0.000907,-8.266474,31.092739,63.744915,1005.805420
7.225293,0.026596,0.093940,1.031632,0.000544,-0.000088,-0.002393,-8.246361,31.066019,63.420387,1005.805420
7.240218,0.026840,0.096136,1.030168,0.000235,0.000815,-0.002954,-8.230270,31.044643,63.581909,1005.805420
7.249014,0.027328,0.094184,1.024800,0.000531,0.000200,-0.000201,-8.152640,30.965942,63.711128,1005.807373
7.258974,0.026352,0.092720,1.035536,0.002024,-0.001305,0.000103,-8.090537,30.902981,63.814503,1005.807373
7.273916,0.026840,0.095160,1.026752,-0.000112,-0.000982,-0.000500,-8.040854,30.852612,63.897202,1005.807373
7.282712,0.027084,0.094184,1.025288,-0.000111,0.000536,-0.000491,-8.001108,30.812317,63.963364,1005.807861
7.292653,0.028060,0.094428,1.033340,-0.000109,0.000527,-0.000483,-7.969311,30.813683,63.761387,1005.807861
7.310698,0.026840,0.093452,1.031876,-0.002810,-0.000383,-0.000775,-8.086339,30.814774,63.599808,1005.807861
7.325690,0.028304,0.093696,1.032120,0.001442,-0.000977,-0.000162,-8.179962,30.815647,63.470543,1005.804688
7.335652,0.025864,0.094184,1.029680,-0.000084,0.000841,-0.000159,-8.254860,30.816345,63.367130,1005.804688
7.350572,0.027084,0.095160,1.036024,0.000218,-0.001576,-0.000457,-8.198215,30.856104,63.184658,1005.804688
7.359407,0.026840,0.095648,1.029680,0.000815,-0.002750,0.000152,-8.152900,30.887911,63.038677,1005.804688
7.368221,0.027572,0.093696,1.024312,0.001702,-0.000902,-0.002253,-8.116648,30.913357,62.921894,1005.804688
7.378182,0.028060,0.093696,1.030412,-0.000729,-0.001788,-0.001615,-8.087646,30.933714,62.828468,1005.804688
7.393098,0.026108,0.094428,1.023824,0.000785,-0.001458,-0.000687,-8.019114,30.933199,62.871944,1005.804688
7.401988,0.029280,0.092720,1.032852,0.000771,-0.000833,0.000226,-7.964288,30.932787,62.906723,1005.804688
7.410859,0.028060,0.094184,1.032852,0.000458,-0.001719,0.001123,-7.920428,30.932457,62.934547,1005.800049
7.420981,0.026596,0.094184,1.028216,-0.001051,-0.000189,-0.001299,-7.885340,30.932194,62.956806,1005.800049
7.435914,0.028060,0.092964,1.034072,0.000168,-0.000787,-0.000376,-7.857269,30.931984,62.671684,1005.800049
7.444688,0.026840,0.095404,1.027240,0.001066,-0.000473,0.000531,-7.899570,30.881416,62.443588,1005.800049
7.453590,0.027084,0.092964,1.022604,-0.000153,-0.001666,0.001123,-7.933411,30.840961,62.261108,1005.796143
7.463665,0.029036,0.092476,1.033584,-0.001352,-0.000737,0.000504,-7.960484,30.808598,62.115128,1005.796143
7.478596,0.025864,0.094184,1.025776,0.001073,-0.000124,-0.000406,-7.982141,30.782707,61.998341,1005.796143
7.487398,0.029036,0.092720,1.029680,-0.000146,0.000779,-0.000099,-7.999468,30.694794,62.248478,1005.796631
7.497359,0.027328,0.095160,1.026264,0.001058,-0.000736,0.000504,-7.987426,30.624462,62.448589,1005.796631
7.512303,0.026352,0.092964,1.027240,0.000740,-0.002525,0.000795,-7.977793,30.568197,62.608677,1005.796631
7.521098,0.028060,0.092964,1.033340,-0.001075,-0.000981,0.001082,-7.970087,30.523186,62.736748,1005.796631
7.529939,0.026108,0.095160,1.028948,0.000745,-0.000965,0.001064,-7.963921,30.487177,62.839203,1005.801025
7.539885,0.025620,0.093208,1.034072,0.000432,-0.001249,-0.000455,-7.881280,30.497570,62.976582,1005.801025
7.554830,0.029036,0.094916,1.031388,0.001927,0.000574,0.001655,-7.815167,30.505884,63.086487,1005.801025
7.563648,0.026596,0.093940,1.024068,-0.000808,-0.000637,0.000125,-7.762277,30.512535,63.174408,1005.801025
7.572481,0.025864,0.093452,1.031388,-0.001696,0.000275,0.000123,-7.719965,30.517857,63.244747,1005.798584
7.582443,0.026596,0.095160,1.027728,-0.000466,0.000871,0.002223,-7.686115,30.522114,63.515285,1005.798584
7.597378,0.028060,0.092964,1.026996,-0.001659,0.000255,-0.000517,-7.626656,30.536718,63.731716,1005.798584
7.606184,0.027572,0.092720,1.037732,-0.002532,-0.000350,0.001594,-7.579089,30.548403,63.904861,1005.798584
7.615197,0.028304,0.095892,1.032120,-0.001289,-0.001245,0.001867,-7.541036,30.557751,64.043373,1005.799561
7.625141,0.026108,0.092964,1.032608,0.001736,-0.000323,0.001836,-7.510593,30.565228,64.154182,1005.799561
7.640103,0.027572,0.095648,1.031388,-0.001596,0.001184,0.000304,-7.486238,30.509609,63.766273,1005.799561
7.649137,0.024644,0.095648,1.025532,-0.000368,-0.000037,0.000899,-7.466755,30.465115,63.455944,1005.799316
7.666355,0.027816,0.093208,1.034804,0.000539,-0.000036,0.001184,-7.451168,30.429520,63.207680,1005.799316
7.675308,0.028304,0.095160,1.026996,0.000830,0.000265,-0.000337,-7.438699,30.401043,63.009071,1005.799316
7.693294,0.027816,0.092720,1.030656,-0.001887,-0.000340,-0.000331,-7.493481,30.490263,63.341522,1005.794678
7.709576,0.025376,0.094184,1.031876,-0.001555,0.000566,-0.000626,-7.537306,30.561638,63.607483,1005.794678
7.725126,0.025864,0.094916,1.033828,0.000273,0.000557,0.000285,-7.572367,30.618738,63.820251,1005.794678
7.733956,0.026596,0.096136,1.025776,-0.001833,-0.000053,-0.000921,-7.781735,30.569218,63.550850,1005.785889
7.743918,0.026352,0.093208,1.027728,0.001200,0.000548,-0.000004,-7.949230,30.529602,63.335327,1005.785889
7.761894,0.028792,0.095404,1.026020,0.001781,0.000239,-0.000905,-8.083226,30.497910,63.162910,1005.785889
7.776826,0.028548,0.092476,1.033096,0.002051,-0.001267,0.000912,-8.190423,30.472555,63.024975,1005.786377
7.786769,0.027816,0.095404,1.023824,0.002317,-0.003047,0.002398,-8.217898,30.429873,63.173225,1005.786377
7.801728,0.028060,0.091988,1.029924,-0.000124,0.000307,0.002358,-8.239879,30.395725,63.291824,1005.786377
7.810537,0.026840,0.095160,1.036268,0.000779,0.000602,0.001117,-8.257463,30.368408,63.386703,1005.786377
7.819353,0.027084,0.096380,1.027240,0.000766,0.000592,0.001098,-8.271531,30.346554,63.462608,1005.778076
7.829318,0.027572,0.093452,1.035048,-0.000449,0.000582,-0.000122,-8.282785,30.407471,63.201931,1005.778076
7.844251,0.027816,0.095404,1.026996,-0.000741,0.000572,-0.002822,-8.194653,30.456203,62.993389,1005.778076
7.853045,0.027084,0.092964,1.024068,-0.001029,-0.000038,-0.001273,-8.124146,30.495190,62.826553,1005.777832
7.862997,0.029768,0.091988,1.031388,0.001391,-0.000337,-0.000952,-8.067741,30.526379,62.693085,1005.777832
7.878149,0.026108,0.095404,1.024312,0.001067,-0.000332,-0.002737,-8.022617,30.422531,62.929878,1005.777832
7.887092,0.027572,0.093696,1.027972,0.000448,-0.000326,0.000011,-7.986518,30.339453,63.119312,1005.777832
7.896014,0.028304,0.092476,1.036024,0.000741,0.000880,-0.000289,-7.957639,30.272991,63.270863,1005.776855
7.906130,0.028060,0.096136,1.025532,-0.001674,0.000866,-0.001185,-7.934536,30.219822,63.392101,1005.776855
7.921218,0.029280,0.092720,1.035048,-0.001045,0.000551,-0.002066,-7.916053,30.177286,63.489094,1005.776855
7.930483,0.028548,0.095892,1.028948,0.000774,0.001743,-0.000830,-7.940122,30.171257,63.681206,1005.776855
7.948607,0.028060,0.092232,1.032852,-0.002242,0.000212,-0.000516,-7.959376,30.166433,63.834896,1005.772949
7.964848,0.027816,0.093208,1.024800,-0.002204,-0.001894,0.000694,-7.974780,30.162575,63.957848,1005.772949
7.982840,0.027328,0.093452,1.028704,0.001136,0.000240,-0.001720,-7.961200,30.215488,63.635067,1005.774170
7.998894,0.026108,0.095404,1.024312,-0.002186,-0.002166,-0.000790,-7.950336,30.257818,63.376842,1005.774170
8.016896,0.027572,0.096868,1.024068,-0.000047,0.000873,0.000724,-7.941645,30.291683,63.170261,1005.776855
8.032970,0.027816,0.093208,1.029192,-0.000947,0.001759,-0.001090,-8.012401,30.301975,62.905251,1005.776855
8.050956,0.027572,0.095892,1.026752,-0.000030,-0.000673,0.001031,-8.069005,30.310207,62.693241,1005.776855
8.065879,0.028548,0.091744,1.033340,0.001171,-0.000661,0.001014,-8.114288,30.316793,62.523636,1005.781494
8.075825,0.029524,0.093940,1.028216,-0.000050,0.000551,0.000396,-8.150516,30.439663,62.435974,1005.781494
8.093838,0.027816,0.091988,1.033340,0.000251,0.000542,-0.000211,-7.881614,30.537958,62.365845,1005.781494
8.108761,0.026840,0.094672,1.024800,0.000848,-0.000969,0.000093,-7.666492,30.616594,62.309742,1005.781494
8.118677,0.028792,0.092964,1.029680,0.000533,-0.000352,-0.000209,-7.494395,30.679504,62.264858,1005.781494
8.133597,0.027328,0.096380,1.027484,-0.000977,0.002657,-0.000506,-7.576892,30.461031,62.317616,1005.781494
8.142391,0.024400,0.094428,1.026020,-0.000360,0.000210,0.000103,-7.642890,30.286253,62.359821,1005.779053
8.152680,0.027572,0.094428,1.030412,0.002048,0.000807,-0.001701,-7.695688,30.146431,62.393585,1005.779053
8.168455,0.027328,0.095160,1.033096,0.000512,0.002295,-0.000471,-7.737926,30.034573,62.616394,1005.779053
8.184863,0.027816,0.093452,1.025044,-0.001598,0.001055,0.000738,-7.726387,30.146687,62.794640,1005.774414
8.204292,0.026596,0.092720,1.034072,0.000230,-0.000764,-0.000175,-7.717155,30.236378,62.937237,1005.774414
8.219379,0.029524,0.094184,1.028948,-0.001275,0.001050,0.000128,-7.709770,30.308130,63.154755,1005.777832
8.229597,0.027328,0.092476,1.034316,-0.002154,-0.000469,-0.001075,-7.962891,30.180733,63.328770,1005.777832
8.244526,0.028792,0.093940,1.032364,0.001185,0.001041,0.000745,-8.165388,30.078814,63.467979,1005.777832
8.253322,0.026108,0.094184,1.025044,0.000264,0.000723,-0.000169,-8.327386,29.997278,63.579350,1005.777832
8.262133,0.026596,0.093696,1.029436,0.000260,-0.000491,-0.000466,-8.456984,29.932051,63.668446,1005.776855
8.272085,0.028304,0.094428,1.027728,-0.000345,0.001319,-0.001359,-8.489429,29.863068,63.226219,1005.776855
8.287025,0.025620,0.095892,1.026752,-0.000039,0.000997,-0.000736,-8.515385,29.807882,62.872437,1005.776855
8.295867,0.028060,0.094672,1.035536,-0.000339,0.000680,0.000778,-8.536150,29.763733,62.589413,1005.776855
8.304665,0.025620,0.098820,1.030900,-0.000333,0.001870,-0.001037,-8.552762,29.728415,62.362991,1005.774414
8.314694,0.024644,0.095404,1.033828,0.000874,0.000637,0.001083,-8.566051,29.700159,62.181854,1005.774414
8.329643,0.028548,0.095892,1.031876,0.003562,-0.000875,0.001965,-8.447169,29.722355,62.299236,1005.774414
8.338465,0.026840,0.095160,1.024800,0.004102,0.000341,-0.000170,-8.352063,29.740112,62.393143,1005.774414
8.347284,0.028060,0.093208,1.027972,0.001631,-0.000866,-0.000167,-8.275978,29.754318,62.468269,1005.775146
8.357684,0.027816,0.093452,1.026264,-0.000799,-0.000852,0.000737,-8.215110,29.765682,62.528370,1005.775146
8.373012,0.025620,0.092964,1.025044,0.002218,-0.000237,0.001025,-8.134037,29.679573,62.428680,1005.775146
8.381812,0.029280,0.091256,1.032608,0.002180,-0.000233,0.001608,-8.069179,29.610687,62.348927,1005.776611
8.398060,0.025864,0.094916,1.026996,0.001243,-0.000529,0.000981,-8.017292,29.555578,62.285126,1005.776611
8.406934,0.026596,0.093208,1.031876,0.000922,0.001582,0.001565,-7.975782,29.511490,62.234085,1005.776611
8.425598,0.027328,0.095160,1.027484,-0.000896,-0.000247,-0.000564,-7.974954,29.616220,61.919876,1005.774170
8.441692,0.028548,0.093452,1.033828,-0.000280,0.001259,-0.002056,-7.974290,29.700005,61.668510,1005.774170
8.456854,0.025620,0.095892,1.023580,-0.002978,0.000037,-0.000520,-7.973760,29.767033,61.467415,1005.774170
8.465690,0.025864,0.091500,1.034316,-0.001426,0.000036,-0.001112,-7.973336,29.921453,61.731380,1005.773926
8.475635,0.028304,0.094184,1.033828,0.000099,0.002438,-0.000492,-7.998899,30.044991,61.942554,1005.773926
8.493775,0.026352,0.093696,1.033340,-0.001104,-0.000005,-0.001685,-8.019350,30.143820,62.111492,1005.773926
8.508883,0.026352,0.096136,1.025776,0.000116,-0.000906,-0.000756,-8.035710,30.222883,62.246643,1005.776855
8.518851,0.027084,0.093452,1.035048,-0.000487,-0.002993,-0.000443,-7.932236,30.123734,62.103554,1005.776855
8.533798,0.029524,0.095160,1.032120,0.000423,0.000060,-0.000436,-7.849456,30.044415,61.989082,1005.776855
8.543093,0.025376,0.093208,1.027972,-0.002021,0.000671,-0.000435,-7.783233,29.980959,61.897507,1005.776855
8.551876,0.027572,0.093452,1.032852,-0.000799,0.000366,0.000786,-7.730254,29.930195,61.824245,1005.775146
8.561828,0.028304,0.094916,1.026508,-0.000799,0.001282,0.001092,-7.687871,29.889584,62.027927,1005.775146
8.576774,0.026840,0.093696,1.027972,-0.000799,0.000060,0.000481,-7.757576,29.885096,62.190872,1005.775146
8.585569,0.027572,0.093696,1.034072,0.001034,0.002198,-0.000130,-7.813339,29.881504,62.321228,1005.770508
8.595542,0.025132,0.097112,1.024556,-0.000493,0.002503,0.000175,-7.857950,29.878632,62.425514,1005.770508
8.610485,0.026840,0.093696,1.033584,-0.000799,-0.000246,0.000786,-7.893639,29.876333,62.616077,1005.770508
8.619302,0.026596,0.096868,1.032608,0.001645,0.000060,-0.000436,-8.168267,30.053696,62.768528,1005.770508
8.628117,0.025376,0.094916,1.025532,-0.000799,-0.000246,-0.000436,-8.387970,30.195585,62.890488,1005.769287
8.638076,0.026352,0.093452,1.033828,-0.001715,-0.000857,-0.001046,-8.563732,30.309097,62.988056,1005.769287
8.653012,0.027816,0.095160,1.024556,0.001034,-0.002994,-0.000130,-8.704342,30.399906,63.066113,1005.769287
8.661901,0.025132,0.093940,1.027484,0.000728,0.000060,0.000786,-8.816830,30.371754,62.892120,1005.769287
8.671032,0.027328,0.092720,1.033584,-0.000799,-0.000551,-0.000741,-8.783781,30.349232,62.752930,1005.771484
8.688159,0.027572,0.093208,1.026508,-0.000799,0.000365,0.000786,-8.757342,30.331213,62.641575,1005.771484
8.706190,0.027816,0.095648,1.024312,-0.001409,0.000365,0.001091,-8.736192,30.316799,62.552490,1005.771484
8.721061,0.027816,0.092476,1.027728,-0.001715,0.000976,-0.000436,-8.712795,30.299667,62.784153,1005.779297
8.731149,0.027572,0.095160,1.033828,0.000118,-0.001773,0.001702,-8.694078,30.285961,62.969486,1005.779297
